券商中文,分行中文,code1,code2,is_broker_level,fetched_at
合庫,合庫-新竹,1020,0031003000320041,False,2026-04-13T07:41:09.564258+00:00
合庫,合庫-自強,1020,0031003000320043,False,2026-04-13T07:41:09.564258+00:00
合庫,合庫-桃園,1020,0031003000320045,False,2026-04-13T07:41:09.564258+00:00
合庫,合庫-西台中,1020,0031003000320046,False,2026-04-13T07:41:09.564258+00:00
合庫,合庫-三重,1020,0031003000320047,False,2026-04-13T07:41:09.564258+00:00
合庫,合庫-國際證券,1020,0031003000320051,False,2026-04-13T07:41:09.564258+00:00
合庫,合庫證券,1020,1020,True,2026-04-13T07:41:09.564258+00:00
合庫,合庫-台中,1020,1021,False,2026-04-13T07:41:09.564258+00:00
合庫,合庫-台南,1020,1022,False,2026-04-13T07:41:09.564258+00:00
合庫,合庫-高雄,1020,1023,False,2026-04-13T07:41:09.564258+00:00
合庫,合庫-嘉義,1020,1024,False,2026-04-13T07:41:09.564258+00:00
合庫,合庫-基隆,1020,1025,False,2026-04-13T07:41:09.564258+00:00
合庫,合庫-彰化,1020,1028,False,2026-04-13T07:41:09.564258+00:00
合庫,合庫-鳳山,1020,1029,False,2026-04-13T07:41:09.564258+00:00
土銀,土銀-建國,1030,0031003000330041,False,2026-04-13T07:41:09.564258+00:00
土銀,土銀-彰化,1030,0031003000330042,False,2026-04-13T07:41:09.564258+00:00
土銀,土銀-白河,1030,0031003000330043,False,2026-04-13T07:41:09.564258+00:00
土銀,土銀-南港,1030,0031003000330046,False,2026-04-13T07:41:09.564258+00:00
土銀,土銀,1030,1030,True,2026-04-13T07:41:09.564258+00:00
土銀,土銀-台中,1030,1031,False,2026-04-13T07:41:09.564258+00:00
土銀,土銀-台南,1030,1032,False,2026-04-13T07:41:09.564258+00:00
土銀,土銀-高雄,1030,1033,False,2026-04-13T07:41:09.564258+00:00
土銀,土銀-嘉義,1030,1034,False,2026-04-13T07:41:09.564258+00:00
土銀,土銀-新竹,1030,1035,False,2026-04-13T07:41:09.564258+00:00
土銀,土銀-玉里,1030,1036,False,2026-04-13T07:41:09.564258+00:00
土銀,土銀-花蓮,1030,1037,False,2026-04-13T07:41:09.564258+00:00
土銀,土銀-和平,1030,1038,False,2026-04-13T07:41:09.564258+00:00
土銀,土銀-士林,1030,1039,False,2026-04-13T07:41:09.564258+00:00
臺銀,臺銀-臺中,1040,0031003000340041,False,2026-04-13T07:41:09.564258+00:00
臺銀,臺銀-高雄,1040,0031003000340043,False,2026-04-13T07:41:09.564258+00:00
臺銀,臺銀-金山,1040,0031003000340044,False,2026-04-13T07:41:09.564258+00:00
臺銀,臺銀,1040,1040,True,2026-04-13T07:41:09.564258+00:00
臺銀,臺銀-鳳山(停),1040,1041,False,2026-04-13T07:41:09.564258+00:00
臺銀,臺銀-臺南,1040,1042,False,2026-04-13T07:41:09.564258+00:00
臺銀,臺銀-民權,1040,1043,False,2026-04-13T07:41:09.564258+00:00
臺銀,臺銀-新竹,1040,1045,False,2026-04-13T07:41:09.564258+00:00
台灣工銀,台灣工銀,1090,1090,True,2026-04-13T07:41:09.564258+00:00
台灣企銀,台灣企銀-民雄,1110,0031003100310041,False,2026-04-13T07:41:09.564258+00:00
台灣企銀,台灣企銀-建成,1110,0031003100310042,False,2026-04-13T07:41:09.564258+00:00
台灣企銀,台灣企銀-三民(停),1110,0031003100310043,False,2026-04-13T07:41:09.564258+00:00
台灣企銀,台灣企銀-桃園,1110,0031003100310045,False,2026-04-13T07:41:09.564258+00:00
台灣企銀,台灣企銀-北高雄,1110,0031003100310046,False,2026-04-13T07:41:09.564258+00:00
台灣企銀,台灣企銀-埔墘,1110,0031003100310047,False,2026-04-13T07:41:09.564258+00:00
台灣企銀,台灣企銀,1110,1110,True,2026-04-13T07:41:09.564258+00:00
台灣企銀,台灣企銀-台中,1110,1111,False,2026-04-13T07:41:09.564258+00:00
台灣企銀,台灣企銀-台南,1110,1112,False,2026-04-13T07:41:09.564258+00:00
台灣企銀,台灣企銀-九如,1110,1113,False,2026-04-13T07:41:09.564258+00:00
台灣企銀,台灣企銀-嘉義,1110,1114,False,2026-04-13T07:41:09.564258+00:00
台灣企銀,台灣企銀-太平,1110,1115,False,2026-04-13T07:41:09.564258+00:00
台灣企銀,台灣企銀-屏東,1110,1116,False,2026-04-13T07:41:09.564258+00:00
台灣企銀,台灣企銀-竹北,1110,1117,False,2026-04-13T07:41:09.564258+00:00
台灣企銀,台灣企銀-豐原,1110,1118,False,2026-04-13T07:41:09.564258+00:00
台灣企銀,台灣企銀-岡山,1110,1119,False,2026-04-13T07:41:09.564258+00:00
彰銀,彰銀,1230,1230,True,2026-04-13T07:41:09.564258+00:00
彰銀,彰銀-七賢,1230,1232,False,2026-04-13T07:41:09.564258+00:00
彰銀,彰銀-台中,1230,1233,False,2026-04-13T07:41:09.564258+00:00
宏遠,宏遠-台南,1260,0031003200360044,False,2026-04-13T07:41:09.564258+00:00
宏遠,宏遠-中和,1260,0031003200360048,False,2026-04-13T07:41:09.564258+00:00
宏遠,宏遠-台中,1260,003100320036004c,False,2026-04-13T07:41:09.564258+00:00
宏遠,宏遠-高雄,1260,0031003200360051,False,2026-04-13T07:41:09.564258+00:00
宏遠,宏遠-館前,1260,0031003200360055,False,2026-04-13T07:41:09.564258+00:00
宏遠,宏遠-新化,1260,0031003200360058,False,2026-04-13T07:41:09.564258+00:00
宏遠,宏遠-光隆,1260,0031003200360069,False,2026-04-13T07:41:09.564258+00:00
宏遠,宏遠證券,1260,1260,True,2026-04-13T07:41:09.564258+00:00
宏遠,宏遠-民生,1260,1261,False,2026-04-13T07:41:09.564258+00:00
宏遠,宏遠-桃園,1260,1262,False,2026-04-13T07:41:09.564258+00:00
港商麥格理,港商麥格理,1360,1360,True,2026-04-13T07:41:09.564258+00:00
港商蘇皇,港商蘇皇,1400,1400,True,2026-04-13T07:41:09.564258+00:00
美林,美林,1440,1440,True,2026-04-13T07:41:09.564258+00:00
台灣摩根士丹利,台灣摩根士丹利,1470,1470,True,2026-04-13T07:41:09.564258+00:00
美商高盛,美商高盛,1480,1480,True,2026-04-13T07:41:09.564258+00:00
瑞士信貸(停),瑞士信貸(停),1520,1520,True,2026-04-13T07:41:09.564258+00:00
港商德意志(停),港商德意志(停),1530,1530,True,2026-04-13T07:41:09.564258+00:00
港商野村,港商野村,1560,1560,True,2026-04-13T07:41:09.564258+00:00
港商法國興業(停),港商法國興業(停),1570,1570,True,2026-04-13T07:41:09.564258+00:00
花旗環球,花旗環球,1590,1590,True,2026-04-13T07:41:09.564258+00:00
新加坡商瑞銀,新加坡商瑞銀,1650,1650,True,2026-04-13T07:41:09.564258+00:00
港商聯昌,港商聯昌,1660,1660,True,2026-04-13T07:41:09.564258+00:00
亞東,亞東-國際證券,2180,0032003100380041,False,2026-04-13T07:41:09.564258+00:00
亞東,亞東,2180,2180,True,2026-04-13T07:41:09.564258+00:00
亞東,亞東-板橋,2180,2181,False,2026-04-13T07:41:09.564258+00:00
亞東,亞東-新竹,2180,2184,False,2026-04-13T07:41:09.564258+00:00
亞東,亞東-台南,2180,2185,False,2026-04-13T07:41:09.564258+00:00
亞東,亞東-高雄,2180,2186,False,2026-04-13T07:41:09.564258+00:00
亞東,亞東-台中,2180,2187,False,2026-04-13T07:41:09.564258+00:00
元大期貨,元大期貨,2200,2200,True,2026-04-13T07:41:09.564258+00:00
群益期貨,群益期貨,2210,2210,True,2026-04-13T07:41:09.564258+00:00
台新銀,台新銀,3000,3000,True,2026-04-13T07:41:09.564258+00:00
大展,大展,5050,5050,True,2026-04-13T07:41:09.564258+00:00
大展,大展-台南,5050,5058,False,2026-04-13T07:41:09.564258+00:00
美好,美好-中和,5260,0035003200360041,False,2026-04-13T07:41:09.564258+00:00
美好,美好-富順,5260,003500320036004b,False,2026-04-13T07:41:09.564258+00:00
美好,美好-市政,5260,003500320036004d,False,2026-04-13T07:41:09.564258+00:00
美好,美好,5260,5260,True,2026-04-13T07:41:09.564258+00:00
美好,美好-蘆洲,5260,5261,False,2026-04-13T07:41:09.564258+00:00
美好,美好-楊梅,5260,5262,False,2026-04-13T07:41:09.564258+00:00
美好,美好-泰山,5260,5263,False,2026-04-13T07:41:09.564258+00:00
美好,美好-高雄,5260,5264,False,2026-04-13T07:41:09.564258+00:00
美好,美好-苗栗,5260,5265,False,2026-04-13T07:41:09.564258+00:00
美好,美好-中壢,5260,5266,False,2026-04-13T07:41:09.564258+00:00
美好,美好-基隆,5260,5267,False,2026-04-13T07:41:09.564258+00:00
美好,美好-台南,5260,5268,False,2026-04-13T07:41:09.564258+00:00
美好,美好-台中(停),5260,5269,False,2026-04-13T07:41:09.564258+00:00
高橋,高橋,5320,5320,True,2026-04-13T07:41:09.564258+00:00
高橋,高橋-龍潭,5320,5321,False,2026-04-13T07:41:09.564258+00:00
高橋,高橋-中壢,5320,5322,False,2026-04-13T07:41:09.564258+00:00
高橋,高橋-內壢,5320,5323,False,2026-04-13T07:41:09.564258+00:00
第一金,第一金-新興,5380,0035003300380041,False,2026-04-13T07:41:09.564258+00:00
第一金,第一金-新竹,5380,0035003300380042,False,2026-04-13T07:41:09.564258+00:00
第一金,第一金-光復,5380,0035003300380043,False,2026-04-13T07:41:09.564258+00:00
第一金,第一金-忠孝,5380,0035003300380044,False,2026-04-13T07:41:09.564258+00:00
第一金,第一金-自由,5380,0035003300380045,False,2026-04-13T07:41:09.564258+00:00
第一金,第一金-大稻埕,5380,0035003300380046,False,2026-04-13T07:41:09.564258+00:00
第一金,第一金-頭份,5380,0035003300380049,False,2026-04-13T07:41:09.564258+00:00
第一金,第一金-經紀部,5380,003500330038004c,False,2026-04-13T07:41:09.564258+00:00
第一金,第一金-嘉義,5380,003500330038004d,False,2026-04-13T07:41:09.564258+00:00
第一金,第一金-豐原,5380,003500330038004e,False,2026-04-13T07:41:09.564258+00:00
第一金,第一金-路竹,5380,0035003300380050,False,2026-04-13T07:41:09.564258+00:00
第一金,第一金-華江,5380,0035003300380057,False,2026-04-13T07:41:09.564258+00:00
第一金,第一金-中壢,5380,0035003300380059,False,2026-04-13T07:41:09.564258+00:00
第一金,第一金-國際證券,5380,0035003300380061,False,2026-04-13T07:41:09.564258+00:00
第一金,第一金-安和,5380,003500330038006a,False,2026-04-13T07:41:09.564258+00:00
第一金,第一金,5380,5380,True,2026-04-13T07:41:09.564258+00:00
第一金,第一金-員林,5380,5381,False,2026-04-13T07:41:09.564258+00:00
第一金,第一金-台中,5380,5382,False,2026-04-13T07:41:09.564258+00:00
第一金,第一金-高雄,5380,5383,False,2026-04-13T07:41:09.564258+00:00
第一金,第一金-台南,5380,5384,False,2026-04-13T07:41:09.564258+00:00
第一金,第一金-桃園,5380,5385,False,2026-04-13T07:41:09.564258+00:00
第一金,第一金-彰化,5380,5386,False,2026-04-13T07:41:09.564258+00:00
第一金,第一金-澎湖,5380,5387,False,2026-04-13T07:41:09.564258+00:00
第一金,第一金-中山,5380,5389,False,2026-04-13T07:41:09.564258+00:00
寶盛,寶盛,5460,5460,True,2026-04-13T07:41:09.564258+00:00
豐銀,豐銀,5500,5500,True,2026-04-13T07:41:09.564258+00:00
永興,永興,5600,5600,True,2026-04-13T07:41:09.564258+00:00
永興,永興-水湳,5600,5602,False,2026-04-13T07:41:09.564258+00:00
永興,永興-台中,5600,5603,False,2026-04-13T07:41:09.564258+00:00
永興,永興-大墩,5600,5604,False,2026-04-13T07:41:09.564258+00:00
日進,日進,5660,5660,True,2026-04-13T07:41:09.564258+00:00
豐興,豐興,5690,5690,True,2026-04-13T07:41:09.564258+00:00
統一,統一-基隆,5850,0035003800350041,False,2026-04-13T07:41:09.564258+00:00
統一,統一-永和,5850,0035003800350042,False,2026-04-13T07:41:09.564258+00:00
統一,統一-新台中,5850,0035003800350044,False,2026-04-13T07:41:09.564258+00:00
統一,統一-新營,5850,0035003800350045,False,2026-04-13T07:41:09.564258+00:00
統一,統一-彰化,5850,0035003800350046,False,2026-04-13T07:41:09.564258+00:00
統一,統一-桃園,5850,0035003800350048,False,2026-04-13T07:41:09.564258+00:00
統一,統一-員林,5850,0035003800350049,False,2026-04-13T07:41:09.564258+00:00
統一,統一-三重,5850,003500380035004a,False,2026-04-13T07:41:09.564258+00:00
統一,統一-士林,5850,003500380035004d,False,2026-04-13T07:41:09.564258+00:00
統一,統一-板橋,5850,0035003800350050,False,2026-04-13T07:41:09.564258+00:00
統一,統一-三多,5850,0035003800350051,False,2026-04-13T07:41:09.564258+00:00
統一,統一-東湖,5850,0035003800350052,False,2026-04-13T07:41:09.564258+00:00
統一,統一-宜蘭,5850,0035003800350053,False,2026-04-13T07:41:09.564258+00:00
統一,統一-南京,5850,0035003800350055,False,2026-04-13T07:41:09.564258+00:00
統一,統一-金門,5850,0035003800350057,False,2026-04-13T07:41:09.564258+00:00
統一,統一-土城,5850,0035003800350059,False,2026-04-13T07:41:09.564258+00:00
統一,統一-松江,5850,003500380035005a,False,2026-04-13T07:41:09.564258+00:00
統一,統一-內湖,5850,0035003800350062,False,2026-04-13T07:41:09.564258+00:00
統一,統一-仁愛,5850,0035003800350063,False,2026-04-13T07:41:09.564258+00:00
統一,統一-平鎮,5850,0035003800350067,False,2026-04-13T07:41:09.564258+00:00
統一,統一-竹南,5850,003500380035006d,False,2026-04-13T07:41:09.564258+00:00
統一,統一-國際證券,5850,0035003800350073,False,2026-04-13T07:41:09.564258+00:00
統一,統一,5850,5850,True,2026-04-13T07:41:09.564258+00:00
統一,統一-高雄,5850,5851,False,2026-04-13T07:41:09.564258+00:00
統一,統一-敦南,5850,5852,False,2026-04-13T07:41:09.564258+00:00
統一,統一-中壢,5850,5853,False,2026-04-13T07:41:09.564258+00:00
統一,統一-城中,5850,5854,False,2026-04-13T07:41:09.564258+00:00
統一,統一-台南,5850,5855,False,2026-04-13T07:41:09.564258+00:00
統一,統一-台中,5850,5856,False,2026-04-13T07:41:09.564258+00:00
統一,統一-新竹,5850,5857,False,2026-04-13T07:41:09.564258+00:00
統一,統一-嘉義,5850,5858,False,2026-04-13T07:41:09.564258+00:00
統一,統一-屏東,5850,5859,False,2026-04-13T07:41:09.564258+00:00
盈溢,盈溢,5860,5860,True,2026-04-13T07:41:09.564258+00:00
盈溢,盈溢-籬子內,5860,5861,False,2026-04-13T07:41:09.564258+00:00
盈溢,盈溢-楠梓,5860,5862,False,2026-04-13T07:41:09.564258+00:00
日茂,日茂,5960,5960,True,2026-04-13T07:41:09.564258+00:00
日茂,日茂-埔里,5960,5961,False,2026-04-13T07:41:09.564258+00:00
日茂,日茂-南投,5960,5962,False,2026-04-13T07:41:09.564258+00:00
(牛牛牛)亞證券,(牛牛牛)亞-鑫豐,6010,0036003000310064,False,2026-04-13T07:41:09.564258+00:00
(牛牛牛)亞證券,(牛牛牛)亞證券,6010,6010,True,2026-04-13T07:41:09.564258+00:00
(牛牛牛)亞證券,(牛牛牛)亞-網路,6010,6012,False,2026-04-13T07:41:09.564258+00:00
台中銀,台中銀-豐原,6110,0036003100310041,False,2026-04-13T07:41:09.564258+00:00
台中銀,台中銀,6110,6110,True,2026-04-13T07:41:09.564258+00:00
台中銀,台中銀-員林,6110,6114,False,2026-04-13T07:41:09.564258+00:00
台中銀,台中銀-台北,6110,6115,False,2026-04-13T07:41:09.564258+00:00
台中銀,台中銀-高雄,6110,6116,False,2026-04-13T07:41:09.564258+00:00
中國信託,中國信託-中壢,6160,0036003100360041,False,2026-04-13T07:41:09.564258+00:00
中國信託,中國信託-高雄,6160,003600310036004b,False,2026-04-13T07:41:09.564258+00:00
中國信託,中國信託-國際證券,6160,0036003100360058,False,2026-04-13T07:41:09.564258+00:00
中國信託,中國信託,6160,6160,True,2026-04-13T07:41:09.564258+00:00
中國信託,中國信託-三重,6160,6161,False,2026-04-13T07:41:09.564258+00:00
中國信託,中國信託-忠孝,6160,6162,False,2026-04-13T07:41:09.564258+00:00
中國信託,中國信託-永康,6160,6163,False,2026-04-13T07:41:09.564258+00:00
中國信託,中國信託-文心,6160,6164,False,2026-04-13T07:41:09.564258+00:00
中國信託,中國信託-新竹,6160,6165,False,2026-04-13T07:41:09.564258+00:00
中國信託,中國信託-松江,6160,6167,False,2026-04-13T07:41:09.564258+00:00
中國信託,中國信託-嘉義,6160,6168,False,2026-04-13T07:41:09.564258+00:00
新百王,新百王,6210,6210,True,2026-04-13T07:41:09.564258+00:00
光和,光和-嘉義,6380,0036003300380041,False,2026-04-13T07:41:09.564258+00:00
光和,光和-高雄,6380,0036003300380044,False,2026-04-13T07:41:09.564258+00:00
光和,光和,6380,6380,True,2026-04-13T07:41:09.564258+00:00
光和,光和-溪湖,6380,6381,False,2026-04-13T07:41:09.564258+00:00
光和,光和-田中,6380,6382,False,2026-04-13T07:41:09.564258+00:00
光和,光和-和美,6380,6383,False,2026-04-13T07:41:09.564258+00:00
光和,光和-花壇,6380,6385,False,2026-04-13T07:41:09.564258+00:00
永全,永全證券,6450,6450,True,2026-04-13T07:41:09.564258+00:00
永全,永全-南崁,6450,6451,False,2026-04-13T07:41:09.564258+00:00
永全,永全-八德,6450,6452,False,2026-04-13T07:41:09.564258+00:00
大昌,大昌,6460,6460,True,2026-04-13T07:41:09.564258+00:00
大昌,大昌-樹林,6460,6461,False,2026-04-13T07:41:09.564258+00:00
大昌,大昌-安康,6460,6462,False,2026-04-13T07:41:09.564258+00:00
大昌,大昌-新竹,6460,6463,False,2026-04-13T07:41:09.564258+00:00
大昌,大昌-新店,6460,6464,False,2026-04-13T07:41:09.564258+00:00
大昌,大昌-桃園,6460,6465,False,2026-04-13T07:41:09.564258+00:00
福邦,福邦證券,6480,6480,True,2026-04-13T07:41:09.564258+00:00
福邦,福邦-新竹,6480,6489,False,2026-04-13T07:41:09.564258+00:00
口袋證券,口袋證券,6620,6620,True,2026-04-13T07:41:09.564258+00:00
渣打商銀,渣打商銀,6640,6640,True,2026-04-13T07:41:09.564258+00:00
和興,和興,6660,6660,True,2026-04-13T07:41:09.564258+00:00
德信,德信,6910,6910,True,2026-04-13T07:41:09.564258+00:00
德信,德信-中正,6910,6912,False,2026-04-13T07:41:09.564258+00:00
德信,德信-新營,6910,6913,False,2026-04-13T07:41:09.564258+00:00
德信,德信-和平,6910,6915,False,2026-04-13T07:41:09.564258+00:00
福勝,福勝,6950,6950,True,2026-04-13T07:41:09.564258+00:00
兆豐,兆豐-板橋,7000,0037003000300042,False,2026-04-13T07:41:09.564258+00:00
兆豐,兆豐-來福,7000,0037003000300043,False,2026-04-13T07:41:09.564258+00:00
兆豐,兆豐-西螺,7000,0037003000300044,False,2026-04-13T07:41:09.564258+00:00
兆豐,兆豐-虎尾,7000,0037003000300046,False,2026-04-13T07:41:09.564258+00:00
兆豐,兆豐-麻豆,7000,0037003000300047,False,2026-04-13T07:41:09.564258+00:00
兆豐,兆豐-東門,7000,0037003000300048,False,2026-04-13T07:41:09.564258+00:00
兆豐,兆豐-北高雄,7000,0037003000300049,False,2026-04-13T07:41:09.564258+00:00
兆豐,兆豐-公益,7000,003700300030004a,False,2026-04-13T07:41:09.564258+00:00
兆豐,兆豐-新營,7000,003700300030004b,False,2026-04-13T07:41:09.564258+00:00
兆豐,兆豐-天母,7000,003700300030004c,False,2026-04-13T07:41:09.564258+00:00
兆豐,兆豐-桃園,7000,003700300030004d,False,2026-04-13T07:41:09.564258+00:00
兆豐,兆豐-埔墘,7000,003700300030004e,False,2026-04-13T07:41:09.564258+00:00
兆豐,兆豐-南京,7000,0037003000300050,False,2026-04-13T07:41:09.564258+00:00
兆豐,兆豐-小港,7000,0037003000300052,False,2026-04-13T07:41:09.564258+00:00
兆豐,兆豐-大同,7000,0037003000300053,False,2026-04-13T07:41:09.564258+00:00
兆豐,兆豐-桃鶯,7000,0037003000300055,False,2026-04-13T07:41:09.564258+00:00
兆豐,兆豐-新竹,7000,0037003000300056,False,2026-04-13T07:41:09.564258+00:00
兆豐,兆豐-城中,7000,0037003000300057,False,2026-04-13T07:41:09.564258+00:00
兆豐,兆豐-永和,7000,0037003000300058,False,2026-04-13T07:41:09.564258+00:00
兆豐,兆豐-高雄,7000,003700300030005a,False,2026-04-13T07:41:09.564258+00:00
兆豐,兆豐-忠孝,7000,0037003000300061,False,2026-04-13T07:41:09.564258+00:00
兆豐,兆豐-中壢,7000,0037003000300062,False,2026-04-13T07:41:09.564258+00:00
兆豐,兆豐-民生,7000,0037003000300063,False,2026-04-13T07:41:09.564258+00:00
兆豐,兆豐-彰化,7000,0037003000300064,False,2026-04-13T07:41:09.564258+00:00
兆豐,兆豐-鹿港,7000,0037003000300066,False,2026-04-13T07:41:09.564258+00:00
兆豐,兆豐-南門,7000,0037003000300067,False,2026-04-13T07:41:09.564258+00:00
兆豐,兆豐-三民,7000,0037003000300068,False,2026-04-13T07:41:09.564258+00:00
兆豐,兆豐-松德,7000,0037003000300069,False,2026-04-13T07:41:09.564258+00:00
兆豐,兆豐-大安,7000,003700300030006a,False,2026-04-13T07:41:09.564258+00:00
兆豐,兆豐-員林,7000,003700300030006b,False,2026-04-13T07:41:09.564258+00:00
兆豐,兆豐-國際證券,7000,003700300030006d,False,2026-04-13T07:41:09.564258+00:00
兆豐,兆豐-復興,7000,0037003000300070,False,2026-04-13T07:41:09.564258+00:00
兆豐,兆豐-內湖(停),7000,0037003000300071,False,2026-04-13T07:41:09.564258+00:00
兆豐,兆豐-寶成,7000,0037003000300072,False,2026-04-13T07:41:09.564258+00:00
兆豐,兆豐-岡山,7000,0037003000300073,False,2026-04-13T07:41:09.564258+00:00
兆豐,兆豐-新莊,7000,0037003000300077,False,2026-04-13T07:41:09.564258+00:00
兆豐,兆豐證券,7000,7000,True,2026-04-13T07:41:09.564258+00:00
兆豐,兆豐-嘉義,7000,7001,False,2026-04-13T07:41:09.564258+00:00
兆豐,兆豐-台中,7000,7003,False,2026-04-13T07:41:09.564258+00:00
兆豐,兆豐-台中港,7000,7005,False,2026-04-13T07:41:09.564258+00:00
兆豐,兆豐-台南,7000,7006,False,2026-04-13T07:41:09.564258+00:00
兆豐,兆豐-竹北,7000,7007,False,2026-04-13T07:41:09.564258+00:00
兆豐,兆豐-三重,7000,7008,False,2026-04-13T07:41:09.564258+00:00
兆豐,兆豐-景美(停),7000,7009,False,2026-04-13T07:41:09.564258+00:00
致和,致和-崇德,7030,0037003000330042,False,2026-04-13T07:41:09.564258+00:00
致和,致和證券,7030,7030,True,2026-04-13T07:41:09.564258+00:00
致和,致和-台北,7030,7031,False,2026-04-13T07:41:09.564258+00:00
致和,致和-佳里,7030,7032,False,2026-04-13T07:41:09.564258+00:00
致和,致和-府前,7030,7033,False,2026-04-13T07:41:09.564258+00:00
致和,致和-金華,7030,7034,False,2026-04-13T07:41:09.564258+00:00
致和,致和-東門,7030,7035,False,2026-04-13T07:41:09.564258+00:00
致和,致和-高雄,7030,7036,False,2026-04-13T07:41:09.564258+00:00
致和,致和-南京,7030,7038,False,2026-04-13T07:41:09.564258+00:00
石橋,石橋證券,7080,7080,True,2026-04-13T07:41:09.564258+00:00
台安,台安,7120,7120,True,2026-04-13T07:41:09.564258+00:00
富順,富順,7530,7530,True,2026-04-13T07:41:09.564258+00:00
金興,金興,7690,7690,True,2026-04-13T07:41:09.564258+00:00
北城,北城證券,7750,7750,True,2026-04-13T07:41:09.564258+00:00
國票,國票-台南,7790,0037003700390044,False,2026-04-13T07:41:09.564258+00:00
國票,國票-南崁,7790,0037003700390045,False,2026-04-13T07:41:09.564258+00:00
國票,國票-新莊,7790,0037003700390047,False,2026-04-13T07:41:09.564258+00:00
國票,國票-嘉義,7790,0037003700390048,False,2026-04-13T07:41:09.564258+00:00
國票,國票-北高雄,7790,003700370039004a,False,2026-04-13T07:41:09.564258+00:00
國票,國票-九鼎,7790,0037003700390050,False,2026-04-13T07:41:09.564258+00:00
國票,國票-天祥,7790,0037003700390056,False,2026-04-13T07:41:09.564258+00:00
國票,國票-彰化,7790,0037003700390057,False,2026-04-13T07:41:09.564258+00:00
國票,國票-中和,7790,0037003700390058,False,2026-04-13T07:41:09.564258+00:00
國票,國票-安和,7790,003700370039005a,False,2026-04-13T07:41:09.564258+00:00
國票,國票-國際證券,7790,0037003700390062,False,2026-04-13T07:41:09.564258+00:00
國票,國票-敦北法人,7790,0037003700390063,False,2026-04-13T07:41:09.564258+00:00
國票,國票-南科,7790,0037003700390065,False,2026-04-13T07:41:09.564258+00:00
國票,國票-和平,7790,003700370039006a,False,2026-04-13T07:41:09.564258+00:00
國票,國票-中港,7790,003700370039006d,False,2026-04-13T07:41:09.564258+00:00
國票,國票-南京,7790,003700370039006e,False,2026-04-13T07:41:09.564258+00:00
國票,國票-桃園,7790,0037003700390072,False,2026-04-13T07:41:09.564258+00:00
國票,國票-長城,7790,0037003700390075,False,2026-04-13T07:41:09.564258+00:00
國票,國票-台中,7790,0037003700390076,False,2026-04-13T07:41:09.564258+00:00
國票,國票-博愛,7790,003700370039007a,False,2026-04-13T07:41:09.564258+00:00
國票,國票證券,7790,7790,True,2026-04-13T07:41:09.564258+00:00
國票,國票-台東,7790,7791,False,2026-04-13T07:41:09.564258+00:00
國票,國票-北投,7790,7792,False,2026-04-13T07:41:09.564258+00:00
國票,國票-南港,7790,7795,False,2026-04-13T07:41:09.564258+00:00
國票,國票-中正,7790,7797,False,2026-04-13T07:41:09.564258+00:00
國票,國票-內壢,7790,7798,False,2026-04-13T07:41:09.564258+00:00
豐德,豐德,7900,7900,True,2026-04-13T07:41:09.564258+00:00
安泰,安泰,8380,8380,True,2026-04-13T07:41:09.564258+00:00
安泰,安泰-大發,8380,8381,False,2026-04-13T07:41:09.564258+00:00
安泰,安泰-楠梓,8380,8382,False,2026-04-13T07:41:09.564258+00:00
摩根大通,摩根大通,8440,8440,True,2026-04-13T07:41:09.564258+00:00
康和,康和-內湖,8450,0038003400350041,False,2026-04-13T07:41:09.564258+00:00
康和,康和-永和,8450,0038003400350042,False,2026-04-13T07:41:09.564258+00:00
康和,康和-板橋,8450,0038003400350044,False,2026-04-13T07:41:09.564258+00:00
康和,康和-澎湖,8450,0038003400350045,False,2026-04-13T07:41:09.564258+00:00
康和,康和-仁愛,8450,0038003400350046,False,2026-04-13T07:41:09.564258+00:00
康和,康和-高雄,8450,003800340035004a,False,2026-04-13T07:41:09.564258+00:00
康和,康和-石牌,8450,0038003400350052,False,2026-04-13T07:41:09.564258+00:00
康和,康和-南崁,8450,0038003400350053,False,2026-04-13T07:41:09.564258+00:00
康和,康和-台北,8450,0038003400350055,False,2026-04-13T07:41:09.564258+00:00
康和,康和-屏東,8450,0038003400350058,False,2026-04-13T07:41:09.564258+00:00
康和,康和-國際證券,8450,0038003400350059,False,2026-04-13T07:41:09.564258+00:00
康和,康和,8450,8450,True,2026-04-13T07:41:09.564258+00:00
康和,康和-延平,8450,8451,False,2026-04-13T07:41:09.564258+00:00
康和,康和-台中,8450,8455,False,2026-04-13T07:41:09.564258+00:00
康和,康和-新竹,8450,8456,False,2026-04-13T07:41:09.564258+00:00
康和,康和-台南,8450,8458,False,2026-04-13T07:41:09.564258+00:00
康和,康和-嘉義,8450,8459,False,2026-04-13T07:41:09.564258+00:00
京城,京城,8490,8490,True,2026-04-13T07:41:09.564258+00:00
京城,京城-嘉義,8490,8492,False,2026-04-13T07:41:09.564258+00:00
中農,中農,8520,8520,True,2026-04-13T07:41:09.564258+00:00
新光,新光,8560,8560,True,2026-04-13T07:41:09.564258+00:00
新光,新光-台中,8560,8561,False,2026-04-13T07:41:09.564258+00:00
新光,新光-高雄,8560,8562,False,2026-04-13T07:41:09.564258+00:00
新光,新光-新竹,8560,8563,False,2026-04-13T07:41:09.564258+00:00
新光,新光-台南,8560,8564,False,2026-04-13T07:41:09.564258+00:00
新光,新光-桃園,8560,8565,False,2026-04-13T07:41:09.564258+00:00
聯邦商銀,聯邦商銀,8580,8580,True,2026-04-13T07:41:09.564258+00:00
聯邦商銀,聯邦-高雄,8580,8581,False,2026-04-13T07:41:09.564258+00:00
聯邦商銀,聯邦-嘉義,8580,8582,False,2026-04-13T07:41:09.564258+00:00
聯邦商銀,聯邦-忠孝,8580,8583,False,2026-04-13T07:41:09.564258+00:00
聯邦商銀,聯邦-雙和,8580,8584,False,2026-04-13T07:41:09.564258+00:00
聯邦商銀,聯邦-三重,8580,8585,False,2026-04-13T07:41:09.564258+00:00
聯邦商銀,聯邦-大業,8580,8586,False,2026-04-13T07:41:09.564258+00:00
聯邦商銀,聯邦-興中,8580,8587,False,2026-04-13T07:41:09.564258+00:00
聯邦商銀,聯邦-台南,8580,8588,False,2026-04-13T07:41:09.564258+00:00
萬通(停),萬通(停),8660,8660,True,2026-04-13T07:41:09.564258+00:00
新壽,新壽,8690,8690,True,2026-04-13T07:41:09.564258+00:00
花旗,花旗,8700,8700,True,2026-04-13T07:41:09.564258+00:00
陽信,陽信,8710,8710,True,2026-04-13T07:41:09.564258+00:00
陽信,陽信-石牌,8710,8711,False,2026-04-13T07:41:09.564258+00:00
陽信,陽信-高雄,8710,8713,False,2026-04-13T07:41:09.564258+00:00
陽信,陽信-台南,8710,8714,False,2026-04-13T07:41:09.564258+00:00
陽信,陽信-台中,8710,8715,False,2026-04-13T07:41:09.564258+00:00
大鼎(停),大鼎(停),8770,8770,True,2026-04-13T07:41:09.564258+00:00
玉山,玉山-士林,8840,0038003800340041,False,2026-04-13T07:41:09.564258+00:00
玉山,玉山-台中,8840,0038003800340042,False,2026-04-13T07:41:09.564258+00:00
玉山,玉山-信義,8840,0038003800340043,False,2026-04-13T07:41:09.564258+00:00
玉山,玉山-左營,8840,0038003800340044,False,2026-04-13T07:41:09.564258+00:00
玉山,玉山-城中,8840,0038003800340045,False,2026-04-13T07:41:09.564258+00:00
玉山,玉山-桃園,8840,0038003800340046,False,2026-04-13T07:41:09.564258+00:00
玉山,玉山-新竹,8840,0038003800340048,False,2026-04-13T07:41:09.564258+00:00
玉山,玉山-大里,8840,003800380034004a,False,2026-04-13T07:41:09.564258+00:00
玉山,玉山-國際證券,8840,003800380034004c,False,2026-04-13T07:41:09.564258+00:00
玉山,玉山-數位,8840,003800380034004d,False,2026-04-13T07:41:09.564258+00:00
玉山,玉山證券,8840,8840,True,2026-04-13T07:41:09.564258+00:00
玉山,玉山-雙和,8840,8841,False,2026-04-13T07:41:09.564258+00:00
玉山,玉山-新莊,8840,8842,False,2026-04-13T07:41:09.564258+00:00
玉山,玉山-高雄,8840,8843,False,2026-04-13T07:41:09.564258+00:00
玉山,玉山-板橋,8840,8846,False,2026-04-13T07:41:09.564258+00:00
玉山,玉山-台南,8840,8847,False,2026-04-13T07:41:09.564258+00:00
玉山,玉山-嘉義,8840,8848,False,2026-04-13T07:41:09.564258+00:00
玉山,玉山-景美,8840,8849,False,2026-04-13T07:41:09.564258+00:00
國泰,國泰-館前,8880,0038003800380041,False,2026-04-13T07:41:09.564258+00:00
國泰,國泰-永和簡易,8880,0038003800380043,False,2026-04-13T07:41:09.564258+00:00
國泰,國泰-左營簡易,8880,0038003800380044,False,2026-04-13T07:41:09.564258+00:00
國泰,國泰-板橋,8880,003800380038004b,False,2026-04-13T07:41:09.564258+00:00
國泰,國泰-新竹,8880,003800380038004e,False,2026-04-13T07:41:09.564258+00:00
國泰,國泰-國際證券,8880,0038003800380051,False,2026-04-13T07:41:09.564258+00:00
國泰,國泰證券,8880,8880,True,2026-04-13T07:41:09.564258+00:00
國泰,國泰-高雄,8880,8881,False,2026-04-13T07:41:09.564258+00:00
國泰,國泰-台中,8880,8882,False,2026-04-13T07:41:09.564258+00:00
國泰,國泰-松江,8880,8883,False,2026-04-13T07:41:09.564258+00:00
國泰,國泰-台南,8880,8884,False,2026-04-13T07:41:09.564258+00:00
國泰,國泰-桃園,8880,8885,False,2026-04-13T07:41:09.564258+00:00
國泰,國泰-新莊,8880,8886,False,2026-04-13T07:41:09.564258+00:00
國泰,國泰-忠孝,8880,8887,False,2026-04-13T07:41:09.564258+00:00
國泰,國泰-敦南,8880,8888,False,2026-04-13T07:41:09.564258+00:00
國泰,國泰-敦南,8880,8889,False,2026-04-13T07:41:09.564258+00:00
大和國泰,大和國泰,8890,8890,True,2026-04-13T07:41:09.564258+00:00
法銀巴黎,法銀巴黎,8900,8900,True,2026-04-13T07:41:09.564258+00:00
台灣巴克萊,台灣巴克萊,8910,8910,True,2026-04-13T07:41:09.564258+00:00
香港上海匯豐,香港上海匯豐,8960,8960,True,2026-04-13T07:41:09.564258+00:00
群益金鼎,群益金鼎-市府,9100,0039003100300044,False,2026-04-13T07:41:09.564258+00:00
群益金鼎,群益金鼎-潭子,9100,0039003100330044,False,2026-04-13T07:41:09.564258+00:00
群益金鼎,群益金鼎-基隆,9100,0039003100330045,False,2026-04-13T07:41:09.564258+00:00
群益金鼎,群益金鼎-屏東,9100,0039003100330048,False,2026-04-13T07:41:09.564258+00:00
群益金鼎,群益金鼎-萬華,9100,0039003100330049,False,2026-04-13T07:41:09.564258+00:00
群益金鼎,群益金鼎-土城,9100,003900310033004e,False,2026-04-13T07:41:09.564258+00:00
群益金鼎,群益金鼎-北高雄,9100,0039003100330052,False,2026-04-13T07:41:09.564258+00:00
群益金鼎,群益金鼎-崇德,9100,0039003100330055,False,2026-04-13T07:41:09.564258+00:00
群益金鼎,群益金鼎-館前,9100,0039003100330059,False,2026-04-13T07:41:09.564258+00:00
群益金鼎,群益金鼎-三重,9100,0039003100330067,False,2026-04-13T07:41:09.564258+00:00
群益金鼎,群益金鼎-中壢,9100,0039003100380041,False,2026-04-13T07:41:09.564258+00:00
群益金鼎,群益金鼎-板橋,9100,0039003100380042,False,2026-04-13T07:41:09.564258+00:00
群益金鼎,群益金鼎-古亭,9100,0039003100380043,False,2026-04-13T07:41:09.564258+00:00
群益金鼎,群益金鼎-東門,9100,0039003100380044,False,2026-04-13T07:41:09.564258+00:00
群益金鼎,群益金鼎-南京,9100,0039003100380045,False,2026-04-13T07:41:09.564258+00:00
群益金鼎,群益金鼎-新店,9100,0039003100380046,False,2026-04-13T07:41:09.564258+00:00
群益金鼎,群益金鼎-新莊,9100,0039003100380047,False,2026-04-13T07:41:09.564258+00:00
群益金鼎,群益金鼎-中山,9100,0039003100380048,False,2026-04-13T07:41:09.564258+00:00
群益金鼎,群益金鼎-永和,9100,003900310038004a,False,2026-04-13T07:41:09.564258+00:00
群益金鼎,群益金鼎-東湖,9100,003900310038004b,False,2026-04-13T07:41:09.564258+00:00
群益金鼎,群益金鼎-建成,9100,003900310038004c,False,2026-04-13T07:41:09.564258+00:00
群益金鼎,群益金鼎-嘉義,9100,003900310038004d,False,2026-04-13T07:41:09.564258+00:00
群益金鼎,群益金鼎-天母,9100,0039003100380050,False,2026-04-13T07:41:09.564258+00:00
群益金鼎,群益金鼎-忠孝,9100,0039003100380057,False,2026-04-13T07:41:09.564258+00:00
群益金鼎,群益金鼎-台北,9100,0039003100380058,False,2026-04-13T07:41:09.564258+00:00
群益金鼎,群益金鼎-鳳山,9100,0039003100380063,False,2026-04-13T07:41:09.564258+00:00
群益金鼎,群益金鼎-內湖,9100,0039003100380064,False,2026-04-13T07:41:09.564258+00:00
群益金鼎,群益金鼎-大安,9100,0039003100380065,False,2026-04-13T07:41:09.564258+00:00
群益金鼎,群益金鼎-大甲,9100,0039003100380067,False,2026-04-13T07:41:09.564258+00:00
群益金鼎,群益金鼎-竹南,9100,0039003100380069,False,2026-04-13T07:41:09.564258+00:00
群益金鼎,群益金鼎-丹鳳,9100,0039003100380073,False,2026-04-13T07:41:09.564258+00:00
群益金鼎,群益金鼎-瑞豐,9100,0039003100380075,False,2026-04-13T07:41:09.564258+00:00
群益金鼎,群益金鼎-延平,9100,0039003100380078,False,2026-04-13T07:41:09.564258+00:00
群益金鼎,群益金鼎-宜蘭,9100,003900310038007a,False,2026-04-13T07:41:09.564258+00:00
群益金鼎,群益金鼎,9100,9100,True,2026-04-13T07:41:09.564258+00:00
群益金鼎,群益金鼎-敦南,9100,9101,False,2026-04-13T07:41:09.564258+00:00
群益金鼎,群益金鼎-松山,9100,9103,False,2026-04-13T07:41:09.564258+00:00
群益金鼎,群益金鼎-高盛,9100,9105,False,2026-04-13T07:41:09.564258+00:00
群益金鼎,群益金鼎-海山,9100,9108,False,2026-04-13T07:41:09.564258+00:00
群益金鼎,群益金鼎-民權,9100,9131,False,2026-04-13T07:41:09.564258+00:00
群益金鼎,群益金鼎-開元,9100,9134,False,2026-04-13T07:41:09.564258+00:00
群益金鼎,群益金鼎-東大,9100,9135,False,2026-04-13T07:41:09.564258+00:00
群益金鼎,群益金鼎-西松,9100,9136,False,2026-04-13T07:41:09.564258+00:00
群益金鼎,群益金鼎-士林,9100,9137,False,2026-04-13T07:41:09.564258+00:00
群益金鼎,群益金鼎-中港,9100,9138,False,2026-04-13T07:41:09.564258+00:00
群益金鼎,群益金鼎-總公司,9100,9182,False,2026-04-13T07:41:09.564258+00:00
群益金鼎,群益金鼎-高雄,9100,9183,False,2026-04-13T07:41:09.564258+00:00
群益金鼎,群益金鼎-台中,9100,9184,False,2026-04-13T07:41:09.564258+00:00
群益金鼎,群益金鼎-台南,9100,9185,False,2026-04-13T07:41:09.564258+00:00
群益金鼎,群益金鼎-新竹,9100,9186,False,2026-04-13T07:41:09.564258+00:00
群益金鼎,群益金鼎-彰化,9100,9187,False,2026-04-13T07:41:09.564258+00:00
群益金鼎,群益金鼎-三民,9100,9188,False,2026-04-13T07:41:09.564258+00:00
群益金鼎,群益金鼎-桃園,9100,9189,False,2026-04-13T07:41:09.564258+00:00
群益金鼎,群益金鼎-國際證券,9100,9199,False,2026-04-13T07:41:09.564258+00:00
凱基,凱基-板橋,9200,0039003200300041,False,2026-04-13T07:41:09.564258+00:00
凱基,凱基-雙和,9200,0039003200300043,False,2026-04-13T07:41:09.564258+00:00
凱基,凱基-市府,9200,0039003200300044,False,2026-04-13T07:41:09.564258+00:00
凱基,凱基-竹北理財,9200,0039003200300045,False,2026-04-13T07:41:09.564258+00:00
凱基,凱基-站前,9200,0039003200300046,False,2026-04-13T07:41:09.564258+00:00
凱基,凱基-彰化,9200,0039003200300047,False,2026-04-13T07:41:09.564258+00:00
凱基,凱基-基隆,9200,0039003200300048,False,2026-04-13T07:41:09.564258+00:00
凱基,凱基-宜蘭,9200,003900320030004d,False,2026-04-13T07:41:09.564258+00:00
凱基,凱基-湖口,9200,003900320030004e,False,2026-04-13T07:41:09.564258+00:00
凱基,凱基-新店,9200,0039003200300056,False,2026-04-13T07:41:09.564258+00:00
凱基,凱基-大里,9200,0039003200300057,False,2026-04-13T07:41:09.564258+00:00
凱基,凱基-台東,9200,003900320030005a,False,2026-04-13T07:41:09.564258+00:00
凱基,凱基-民權,9200,0039003200310043,False,2026-04-13T07:41:09.564258+00:00
凱基,凱基-三峽,9200,0039003200310045,False,2026-04-13T07:41:09.564258+00:00
凱基,凱基-天母理財,9200,0039003200310046,False,2026-04-13T07:41:09.564258+00:00
凱基,凱基-五股,9200,0039003200310047,False,2026-04-13T07:41:09.564258+00:00
凱基,凱基-土城,9200,003900320031004a,False,2026-04-13T07:41:09.564258+00:00
凱基,凱基-八德,9200,003900320031004d,False,2026-04-13T07:41:09.564258+00:00
凱基,凱基-新莊,9200,0039003200310053,False,2026-04-13T07:41:09.564258+00:00
凱基,凱基-東勢,9200,0039003200310059,False,2026-04-13T07:41:09.564258+00:00
凱基,凱基-屏東,9200,0039003200320043,False,2026-04-13T07:41:09.564258+00:00
凱基,凱基-復興(停),9200,0039003200320048,False,2026-04-13T07:41:09.564258+00:00
凱基,凱基,9200,9200,True,2026-04-13T07:41:09.564258+00:00
凱基,凱基-中港,9200,9202,False,2026-04-13T07:41:09.564258+00:00
凱基,凱基-總公司,9200,9203,False,2026-04-13T07:41:09.564258+00:00
凱基,凱基-台中,9200,9204,False,2026-04-13T07:41:09.564258+00:00
凱基,凱基-三重,9200,9205,False,2026-04-13T07:41:09.564258+00:00
凱基,凱基-高雄,9200,9206,False,2026-04-13T07:41:09.564258+00:00
凱基,凱基-永和,9200,9207,False,2026-04-13T07:41:09.564258+00:00
凱基,凱基-桃園,9200,9208,False,2026-04-13T07:41:09.564258+00:00
凱基,凱基-岡山,9200,9209,False,2026-04-13T07:41:09.564258+00:00
凱基,凱基-台南,9200,9211,False,2026-04-13T07:41:09.564258+00:00
凱基,凱基-東港,9200,9212,False,2026-04-13T07:41:09.564258+00:00
凱基,凱基-高美館,9200,9215,False,2026-04-13T07:41:09.564258+00:00
凱基,凱基-信義,9200,9216,False,2026-04-13T07:41:09.564258+00:00
凱基,凱基-松山,9200,9217,False,2026-04-13T07:41:09.564258+00:00
凱基,凱基-大直,9200,9218,False,2026-04-13T07:41:09.564258+00:00
凱基,凱基-豐中,9200,9223,False,2026-04-13T07:41:09.564258+00:00
凱基,凱基-新莊(停),9200,9224,False,2026-04-13T07:41:09.564258+00:00
凱基,凱基-內埔,9200,9225,False,2026-04-13T07:41:09.564258+00:00
凱基,凱基-汐止,9200,9226,False,2026-04-13T07:41:09.564258+00:00
凱基,凱基-城中,9200,9227,False,2026-04-13T07:41:09.564258+00:00
凱基,凱基-中山,9200,9229,False,2026-04-13T07:41:09.564258+00:00
凱基,凱基-員林,9200,9231,False,2026-04-13T07:41:09.564258+00:00
凱基,凱基-長庚,9200,9233,False,2026-04-13T07:41:09.564258+00:00
凱基,凱基-竹北,9200,9234,False,2026-04-13T07:41:09.564258+00:00
凱基,凱基-永華,9200,9235,False,2026-04-13T07:41:09.564258+00:00
凱基,凱基-虎尾,9200,9236,False,2026-04-13T07:41:09.564258+00:00
凱基,凱基-敦北,9200,9237,False,2026-04-13T07:41:09.564258+00:00
凱基,凱基-士林,9200,9238,False,2026-04-13T07:41:09.564258+00:00
凱基,凱基-市政,9200,9239,False,2026-04-13T07:41:09.564258+00:00
凱基,凱基-嘉義,9200,9252,False,2026-04-13T07:41:09.564258+00:00
凱基,凱基-科園,9200,9254,False,2026-04-13T07:41:09.564258+00:00
凱基,凱基-和平,9200,9255,False,2026-04-13T07:41:09.564258+00:00
凱基,凱基-南崁,9200,9256,False,2026-04-13T07:41:09.564258+00:00
凱基,凱基-林口,9200,9257,False,2026-04-13T07:41:09.564258+00:00
凱基,凱基-羅東,9200,9258,False,2026-04-13T07:41:09.564258+00:00
凱基,凱基-新豐,9200,9266,False,2026-04-13T07:41:09.564258+00:00
凱基,凱基-台北,9200,9268,False,2026-04-13T07:41:09.564258+00:00
凱基,凱基-竹科,9200,9272,False,2026-04-13T07:41:09.564258+00:00
凱基,凱基-竹東,9200,9273,False,2026-04-13T07:41:09.564258+00:00
凱基,凱基-鳳山,9200,9274,False,2026-04-13T07:41:09.564258+00:00
凱基,凱基-三多,9200,9275,False,2026-04-13T07:41:09.564258+00:00
凱基,凱基-苗栗,9200,9276,False,2026-04-13T07:41:09.564258+00:00
凱基,凱基-永康,9200,9278,False,2026-04-13T07:41:09.564258+00:00
凱基,凱基-斗六,9200,9281,False,2026-04-13T07:41:09.564258+00:00
凱基,凱基-北門,9200,9283,False,2026-04-13T07:41:09.564258+00:00
凱基,凱基-中壢,9200,9285,False,2026-04-13T07:41:09.564258+00:00
凱基,凱基-內湖,9200,9287,False,2026-04-13T07:41:09.564258+00:00
凱基,凱基-埔墘,9200,9288,False,2026-04-13T07:41:09.564258+00:00
凱基,凱基-興隆,9200,9289,False,2026-04-13T07:41:09.564258+00:00
凱基,凱基-大安,9200,9291,False,2026-04-13T07:41:09.564258+00:00
凱基,凱基-頭份,9200,9296,False,2026-04-13T07:41:09.564258+00:00
凱基,凱基-文心,9200,9297,False,2026-04-13T07:41:09.564258+00:00
凱基,凱基-國際證券,9200,9299,False,2026-04-13T07:41:09.564258+00:00
華南永昌,華南永昌,9300,9300,True,2026-04-13T07:41:09.564258+00:00
華南永昌,華南永昌-台中,9300,9302,False,2026-04-13T07:41:09.564258+00:00
華南永昌,華南永昌-高雄,9300,9303,False,2026-04-13T07:41:09.564258+00:00
華南永昌,華南永昌-新莊,9300,9305,False,2026-04-13T07:41:09.564258+00:00
華南永昌,華南永昌-台南,9300,9306,False,2026-04-13T07:41:09.564258+00:00
華南永昌,華南永昌-大安,9300,9307,False,2026-04-13T07:41:09.564258+00:00
華南永昌,華南永昌-麻豆,9300,9308,False,2026-04-13T07:41:09.564258+00:00
華南永昌,華南永昌-古亭,9300,9309,False,2026-04-13T07:41:09.564258+00:00
華南永昌,華南永昌-民權,9300,9312,False,2026-04-13T07:41:09.564258+00:00
華南永昌,華南永昌-嘉義,9300,9314,False,2026-04-13T07:41:09.564258+00:00
華南永昌,華南永昌-大甲,9300,9315,False,2026-04-13T07:41:09.564258+00:00
華南永昌,華南永昌-淡水,9300,9316,False,2026-04-13T07:41:09.564258+00:00
華南永昌,華南永昌-林口,9300,9317,False,2026-04-13T07:41:09.564258+00:00
華南永昌,華南永昌-鶯歌,9300,9319,False,2026-04-13T07:41:09.564258+00:00
華南永昌,華南永昌-基隆,9300,9322,False,2026-04-13T07:41:09.564258+00:00
華南永昌,華南永昌-小港,9300,9323,False,2026-04-13T07:41:09.564258+00:00
華南永昌,華南永昌-岡山,9300,9324,False,2026-04-13T07:41:09.564258+00:00
華南永昌,華南永昌-忠孝,9300,9325,False,2026-04-13T07:41:09.564258+00:00
華南永昌,華南永昌-南京,9300,9326,False,2026-04-13T07:41:09.564258+00:00
華南永昌,華南永昌-斗六,9300,9327,False,2026-04-13T07:41:09.564258+00:00
華南永昌,華南永昌-潮州,9300,9328,False,2026-04-13T07:41:09.564258+00:00
華南永昌,華南永昌-朴子,9300,9329,False,2026-04-13T07:41:09.564258+00:00
華南永昌,華南永昌-鳳山,9300,9331,False,2026-04-13T07:41:09.564258+00:00
華南永昌,華南永昌-楠梓,9300,9332,False,2026-04-13T07:41:09.564258+00:00
華南永昌,華南永昌-長虹,9300,9333,False,2026-04-13T07:41:09.564258+00:00
華南永昌,華南永昌-世貿,9300,9334,False,2026-04-13T07:41:09.564258+00:00
華南永昌,華南永昌-內壢,9300,9337,False,2026-04-13T07:41:09.564258+00:00
華南永昌,華南永昌-竹北,9300,9339,False,2026-04-13T07:41:09.564258+00:00
華南永昌,華南永昌-頭份,9300,9343,False,2026-04-13T07:41:09.564258+00:00
華南永昌,華南永昌-敦南,9300,9347,False,2026-04-13T07:41:09.564258+00:00
華南永昌,華南永昌-板橋,9300,9349,False,2026-04-13T07:41:09.564258+00:00
華南永昌,華南永昌-桃園,9300,9352,False,2026-04-13T07:41:09.564258+00:00
華南永昌,華南永昌-東勢,9300,9358,False,2026-04-13T07:41:09.564258+00:00
華南永昌,華南永昌-中正,9300,9359,False,2026-04-13T07:41:09.564258+00:00
華南永昌,華南永昌-苗栗,9300,9362,False,2026-04-13T07:41:09.564258+00:00
華南永昌,華南永昌-彰化,9300,9363,False,2026-04-13T07:41:09.564258+00:00
華南永昌,華南永昌-豐原,9300,9366,False,2026-04-13T07:41:09.564258+00:00
華南永昌,華南永昌-三重,9300,9369,False,2026-04-13T07:41:09.564258+00:00
華南永昌,華南永昌-虎尾,9300,9377,False,2026-04-13T07:41:09.564258+00:00
華南永昌,華南永昌-東昇,9300,9386,False,2026-04-13T07:41:09.564258+00:00
華南永昌,華南永昌-國際證券,9300,9399,False,2026-04-13T07:41:09.564258+00:00
富邦,富邦-國際證券,9600,0039003600300053,False,2026-04-13T07:41:09.564258+00:00
富邦,富邦-南京,9600,0039003600310043,False,2026-04-13T07:41:09.564258+00:00
富邦,富邦-忠孝(停),9600,0039003600310044,False,2026-04-13T07:41:09.564258+00:00
富邦,富邦-府城(停),9600,0039003600310045,False,2026-04-13T07:41:09.564258+00:00
富邦,富邦-公益,9600,0039003600310046,False,2026-04-13T07:41:09.564258+00:00
富邦,富邦-成功(停),9600,0039003600310047,False,2026-04-13T07:41:09.564258+00:00
富邦,富邦-新板,9600,0039003600310048,False,2026-04-13T07:41:09.564258+00:00
富邦,富邦-興業(停),9600,003900360031004a,False,2026-04-13T07:41:09.564258+00:00
富邦,富邦-七賢,9600,003900360031004b,False,2026-04-13T07:41:09.564258+00:00
富邦,富邦-士林(停),9600,003900360031004c,False,2026-04-13T07:41:09.564258+00:00
富邦,富邦-木柵,9600,003900360031004d,False,2026-04-13T07:41:09.564258+00:00
富邦,富邦-青埔,9600,003900360031004e,False,2026-04-13T07:41:09.564258+00:00
富邦,富邦-和美,9600,0039003600310050,False,2026-04-13T07:41:09.564258+00:00
富邦,富邦-重新(停),9600,0039003600310051,False,2026-04-13T07:41:09.564258+00:00
富邦,富邦-南員林,9600,0039003600310052,False,2026-04-13T07:41:09.564258+00:00
富邦,富邦-景美(停),9600,0039003600310053,False,2026-04-13T07:41:09.564258+00:00
富邦,富邦-板橋中山(停),9600,0039003600310056,False,2026-04-13T07:41:09.564258+00:00
富邦,富邦-東花蓮(停),9600,0039003600310057,False,2026-04-13T07:41:09.564258+00:00
富邦,富邦-大墩(停),9600,0039003600310058,False,2026-04-13T07:41:09.564258+00:00
富邦,富邦-屏東,9600,0039003600310059,False,2026-04-13T07:41:09.564258+00:00
富邦,富邦-永康,9600,003900360031005a,False,2026-04-13T07:41:09.564258+00:00
富邦,富邦-南港,9600,0039003600320041,False,2026-04-13T07:41:09.564258+00:00
富邦,富邦-二林,9600,0039003600320042,False,2026-04-13T07:41:09.564258+00:00
富邦,富邦-竹科,9600,0039003600320043,False,2026-04-13T07:41:09.564258+00:00
富邦,富邦-新莊,9600,0039003600320044,False,2026-04-13T07:41:09.564258+00:00
富邦,富邦-樹林,9600,0039003600320045,False,2026-04-13T07:41:09.564258+00:00
富邦,富邦-北桃園(停),9600,0039003600320046,False,2026-04-13T07:41:09.564258+00:00
富邦,富邦-斗六,9600,0039003600320047,False,2026-04-13T07:41:09.564258+00:00
富邦,富邦-鳳山(停),9600,0039003600320048,False,2026-04-13T07:41:09.564258+00:00
富邦,富邦-三峽,9600,003900360032004a,False,2026-04-13T07:41:09.564258+00:00
富邦,富邦-中和(停),9600,003900360032004b,False,2026-04-13T07:41:09.564258+00:00
富邦,富邦-雙和(停),9600,003900360032004c,False,2026-04-13T07:41:09.564258+00:00
富邦,富邦-頭份,9600,0039003600320050,False,2026-04-13T07:41:09.564258+00:00
富邦,富邦-北高雄,9600,0039003600320051,False,2026-04-13T07:41:09.564258+00:00
富邦,富邦-園區(停),9600,0039003600320052,False,2026-04-13T07:41:09.564258+00:00
富邦,富邦-縣政(停),9600,0039003600320055,False,2026-04-13T07:41:09.564258+00:00
富邦,富邦-復興(停),9600,0039003600320056,False,2026-04-13T07:41:09.564258+00:00
富邦,富邦-龍潭(停),9600,0039003600320057,False,2026-04-13T07:41:09.564258+00:00
富邦,富邦-文化(停),9600,0039003600320058,False,2026-04-13T07:41:09.564258+00:00
富邦,富邦-土城(停),9600,0039003600320059,False,2026-04-13T07:41:09.564258+00:00
富邦,富邦-八德,9600,0039003600330041,False,2026-04-13T07:41:09.564258+00:00
富邦,富邦-北宜蘭(停),9600,0039003600330042,False,2026-04-13T07:41:09.564258+00:00
富邦,富邦-豐原,9600,003900360033004c,False,2026-04-13T07:41:09.564258+00:00
富邦,富邦-台中,9600,003900360035004b,False,2026-04-13T07:41:09.564258+00:00
富邦,富邦-彰化,9600,0039003600350055,False,2026-04-13T07:41:09.564258+00:00
富邦,富邦-左營,9600,0039003600360046,False,2026-04-13T07:41:09.564258+00:00
富邦,富邦-北港,9600,0039003600390043,False,2026-04-13T07:41:09.564258+00:00
富邦,富邦證券,9600,9600,True,2026-04-13T07:41:09.564258+00:00
富邦,富邦-陽明,9600,9604,False,2026-04-13T07:41:09.564258+00:00
富邦,富邦-台東,9600,9608,False,2026-04-13T07:41:09.564258+00:00
富邦,富邦-基隆,9600,9614,False,2026-04-13T07:41:09.564258+00:00
富邦,富邦-岡山,9600,9616,False,2026-04-13T07:41:09.564258+00:00
富邦,富邦-花蓮,9600,9621,False,2026-04-13T07:41:09.564258+00:00
富邦,富邦-台北,9600,9623,False,2026-04-13T07:41:09.564258+00:00
富邦,富邦-竹北,9600,9624,False,2026-04-13T07:41:09.564258+00:00
富邦,富邦-竹東,9600,9625,False,2026-04-13T07:41:09.564258+00:00
富邦,富邦-內湖,9600,9627,False,2026-04-13T07:41:09.564258+00:00
富邦,富邦-羅東,9600,9634,False,2026-04-13T07:41:09.564258+00:00
富邦,富邦-中壢,9600,9636,False,2026-04-13T07:41:09.564258+00:00
富邦,富邦-新竹,9600,9647,False,2026-04-13T07:41:09.564258+00:00
富邦,富邦-永和,9600,9654,False,2026-04-13T07:41:09.564258+00:00
富邦,富邦-板橋,9600,9655,False,2026-04-13T07:41:09.564258+00:00
富邦,富邦-苗栗,9600,9657,False,2026-04-13T07:41:09.564258+00:00
富邦,富邦-建國,9600,9658,False,2026-04-13T07:41:09.564258+00:00
富邦,富邦-高雄,9600,9659,False,2026-04-13T07:41:09.564258+00:00
富邦,富邦-新店,9600,9661,False,2026-04-13T07:41:09.564258+00:00
富邦,富邦-敦南,9600,9663,False,2026-04-13T07:41:09.564258+00:00
富邦,富邦-桃園,9600,9665,False,2026-04-13T07:41:09.564258+00:00
富邦,富邦-南屯,9600,9666,False,2026-04-13T07:41:09.564258+00:00
富邦,富邦-台南,9600,9667,False,2026-04-13T07:41:09.564258+00:00
富邦,富邦-員林,9600,9672,False,2026-04-13T07:41:09.564258+00:00
富邦,富邦-仁愛,9600,9676,False,2026-04-13T07:41:09.564258+00:00
富邦,富邦-三重,9600,9677,False,2026-04-13T07:41:09.564258+00:00
富邦,富邦-宜蘭,9600,9686,False,2026-04-13T07:41:09.564258+00:00
富邦,富邦-嘉義,9600,9692,False,2026-04-13T07:41:09.564258+00:00
富邦,富邦-新營,9600,9693,False,2026-04-13T07:41:09.564258+00:00
富邦,富邦-虎尾,9600,9697,False,2026-04-13T07:41:09.564258+00:00
富邦,富邦-經紀,9600,9699,False,2026-04-13T07:41:09.564258+00:00
元大,元大-斗六,9800,0039003800300043,False,2026-04-13T07:41:09.564258+00:00
元大,元大-北府,9800,0039003800300044,False,2026-04-13T07:41:09.564258+00:00
元大,元大-竹科,9800,003900380030004b,False,2026-04-13T07:41:09.564258+00:00
元大,元大-南崁,9800,0039003800300051,False,2026-04-13T07:41:09.564258+00:00
元大,元大-南海,9800,0039003800300052,False,2026-04-13T07:41:09.564258+00:00
元大,元大-中山北路,9800,0039003800300061,False,2026-04-13T07:41:09.564258+00:00
元大,元大-沙鹿,9800,0039003800300064,False,2026-04-13T07:41:09.564258+00:00
元大,元大-清水,9800,0039003800300065,False,2026-04-13T07:41:09.564258+00:00
元大,元大-台北,9800,0039003800300068,False,2026-04-13T07:41:09.564258+00:00
元大,元大-虎尾,9800,003900380030006c,False,2026-04-13T07:41:09.564258+00:00
元大,元大-府城,9800,0039003800300075,False,2026-04-13T07:41:09.564258+00:00
元大,元大-西屯,9800,0039003800300077,False,2026-04-13T07:41:09.564258+00:00
元大,元大-三峽,9800,0039003800310041,False,2026-04-13T07:41:09.564258+00:00
元大,元大-竹北,9800,0039003800310042,False,2026-04-13T07:41:09.564258+00:00
元大,元大-路竹,9800,0039003800310043,False,2026-04-13T07:41:09.564258+00:00
元大,元大-南投,9800,0039003800310044,False,2026-04-13T07:41:09.564258+00:00
元大,元大-發財,9800,0039003800310045,False,2026-04-13T07:41:09.564258+00:00
元大,元大-福營,9800,0039003800310046,False,2026-04-13T07:41:09.564258+00:00
元大,元大-彰化,9800,0039003800310047,False,2026-04-13T07:41:09.564258+00:00
元大,元大-天母,9800,0039003800310049,False,2026-04-13T07:41:09.564258+00:00
元大,元大-林園,9800,003900380031004b,False,2026-04-13T07:41:09.564258+00:00
元大,元大-莒光,9800,003900380031004c,False,2026-04-13T07:41:09.564258+00:00
元大,元大-苗栗,9800,003900380031004d,False,2026-04-13T07:41:09.564258+00:00
元大,元大-金門,9800,003900380031004e,False,2026-04-13T07:41:09.564258+00:00
元大,元大-太平,9800,0039003800310051,False,2026-04-13T07:41:09.564258+00:00
元大,元大-竹山,9800,0039003800310052,False,2026-04-13T07:41:09.564258+00:00
元大,元大-崇德,9800,0039003800310053,False,2026-04-13T07:41:09.564258+00:00
元大,元大-華山,9800,0039003800310055,False,2026-04-13T07:41:09.564258+00:00
元大,元大-民雄,9800,0039003800310056,False,2026-04-13T07:41:09.564258+00:00
元大,元大-新生,9800,0039003800310058,False,2026-04-13T07:41:09.564258+00:00
元大,元大-潮州,9800,003900380031005a,False,2026-04-13T07:41:09.564258+00:00
元大,元大-歸仁,9800,0039003800310061,False,2026-04-13T07:41:09.564258+00:00
元大,元大-佳里,9800,0039003800310065,False,2026-04-13T07:41:09.564258+00:00
元大,元大-大里,9800,0039003800310067,False,2026-04-13T07:41:09.564258+00:00
元大,元大-屏東民生,9800,0039003800310068,False,2026-04-13T07:41:09.564258+00:00
元大,元大-西螺,9800,0039003800310069,False,2026-04-13T07:41:09.564258+00:00
元大,元大-士林,9800,003900380031006a,False,2026-04-13T07:41:09.564258+00:00
元大,元大-高雄,9800,003900380031006d,False,2026-04-13T07:41:09.564258+00:00
元大,元大-旗山,9800,003900380031006e,False,2026-04-13T07:41:09.564258+00:00
元大,元大-松山,9800,0039003800310070,False,2026-04-13T07:41:09.564258+00:00
元大,元大-萬華,9800,0039003800310071,False,2026-04-13T07:41:09.564258+00:00
元大,元大-屏南,9800,0039003800310072,False,2026-04-13T07:41:09.564258+00:00
元大,元大-善化,9800,0039003800310079,False,2026-04-13T07:41:09.564258+00:00
元大,元大-大統,9800,003900380031007a,False,2026-04-13T07:41:09.564258+00:00
元大,元大-羅東,9800,0039003800320041,False,2026-04-13T07:41:09.564258+00:00
元大,元大-博愛,9800,0039003800320042,False,2026-04-13T07:41:09.564258+00:00
元大,元大-六合,9800,0039003800320043,False,2026-04-13T07:41:09.564258+00:00
元大,元大-忠孝鼎富,9800,0039003800320046,False,2026-04-13T07:41:09.564258+00:00
元大,元大-林森,9800,0039003800330042,False,2026-04-13T07:41:09.564258+00:00
元大,元大-上新莊,9800,0039003800330047,False,2026-04-13T07:41:09.564258+00:00
元大,元大-學甲,9800,003900380033004b,False,2026-04-13T07:41:09.564258+00:00
元大,元大-木柵,9800,003900380033004d,False,2026-04-13T07:41:09.564258+00:00
元大,元大-大安,9800,003900380033004e,False,2026-04-13T07:41:09.564258+00:00
元大,元大-頭份,9800,0039003800330055,False,2026-04-13T07:41:09.564258+00:00
元大,元大-竹南,9800,0039003800330056,False,2026-04-13T07:41:09.564258+00:00
元大,元大-大里德芳,9800,0039003800330057,False,2026-04-13T07:41:09.564258+00:00
元大,元大-鳳山,9800,003900380033005a,False,2026-04-13T07:41:09.564258+00:00
元大,元大-竹東,9800,0039003800330066,False,2026-04-13T07:41:09.564258+00:00
元大,元大-大雅,9800,0039003800330069,False,2026-04-13T07:41:09.564258+00:00
元大,元大-仁愛,9800,003900380033006a,False,2026-04-13T07:41:09.564258+00:00
元大,元大-新店中正,9800,0039003800340043,False,2026-04-13T07:41:09.564258+00:00
元大,元大-南勢角,9800,0039003800340045,False,2026-04-13T07:41:09.564258+00:00
元大,元大-景美,9800,0039003800340048,False,2026-04-13T07:41:09.564258+00:00
元大,元大-館前,9800,003900380034004b,False,2026-04-13T07:41:09.564258+00:00
元大,元大-鳳中,9800,0039003800350043,False,2026-04-13T07:41:09.564258+00:00
元大,元大-岡山,9800,0039003800350046,False,2026-04-13T07:41:09.564258+00:00
元大,元大-基隆孝二,9800,003900380036004b,False,2026-04-13T07:41:09.564258+00:00
元大,元大-楊梅,9800,0039003800370041,False,2026-04-13T07:41:09.564258+00:00
元大,元大-桃園,9800,0039003800380042,False,2026-04-13T07:41:09.564258+00:00
元大,元大-三重,9800,0039003800380043,False,2026-04-13T07:41:09.564258+00:00
元大,元大-長庚,9800,0039003800380056,False,2026-04-13T07:41:09.564258+00:00
元大,元大-北投,9800,0039003800390041,False,2026-04-13T07:41:09.564258+00:00
元大,元大-台中中港,9800,0039003800390042,False,2026-04-13T07:41:09.564258+00:00
元大,元大-板橋,9800,0039003800390043,False,2026-04-13T07:41:09.564258+00:00
元大,元大-左營,9800,0039003800390044,False,2026-04-13T07:41:09.564258+00:00
元大,元大-草屯,9800,0039003800390045,False,2026-04-13T07:41:09.564258+00:00
元大,元大-三民,9800,0039003800390046,False,2026-04-13T07:41:09.564258+00:00
元大,元大-大同,9800,0039003800390047,False,2026-04-13T07:41:09.564258+00:00
元大,元大-蘆洲中正,9800,0039003800390049,False,2026-04-13T07:41:09.564258+00:00
元大,元大-彰化民生,9800,003900380039004a,False,2026-04-13T07:41:09.564258+00:00
元大,元大-成功,9800,003900380039004c,False,2026-04-13T07:41:09.564258+00:00
元大,元大-內湖,9800,003900380039004e,False,2026-04-13T07:41:09.564258+00:00
元大,元大-敦南,9800,0039003800390050,False,2026-04-13T07:41:09.564258+00:00
元大,元大-汐止,9800,0039003800390051,False,2026-04-13T07:41:09.564258+00:00
元大,元大-鹿港,9800,0039003800390053,False,2026-04-13T07:41:09.564258+00:00
元大,元大-大甲,9800,0039003800390055,False,2026-04-13T07:41:09.564258+00:00
元大,元大-北三重,9800,0039003800390056,False,2026-04-13T07:41:09.564258+00:00
元大,元大-豐原站前,9800,0039003800390057,False,2026-04-13T07:41:09.564258+00:00
元大,元大-民生三民,9800,0039003800390058,False,2026-04-13T07:41:09.564258+00:00
元大,元大-基隆,9800,0039003800390059,False,2026-04-13T07:41:09.564258+00:00
元大,元大-小港,9800,003900380039005a,False,2026-04-13T07:41:09.564258+00:00
元大,元大-苑裡,9800,0039003800390061,False,2026-04-13T07:41:09.564258+00:00
元大,元大-北屯,9800,0039003800390064,False,2026-04-13T07:41:09.564258+00:00
元大,元大-中和,9800,0039003800390065,False,2026-04-13T07:41:09.564258+00:00
元大,元大-東港,9800,0039003800390066,False,2026-04-13T07:41:09.564258+00:00
元大,元大-嘉義,9800,0039003800390067,False,2026-04-13T07:41:09.564258+00:00
元大,元大-樹林,9800,003900380039006a,False,2026-04-13T07:41:09.564258+00:00
元大,元大-古亭,9800,003900380039006b,False,2026-04-13T07:41:09.564258+00:00
元大,元大-信義,9800,003900380039006d,False,2026-04-13T07:41:09.564258+00:00
元大,元大-國際證券,9800,003900380039007a,False,2026-04-13T07:41:09.564258+00:00
元大,元大證券,9800,9800,True,2026-04-13T07:41:09.564258+00:00
元大,元大-松江,9800,9801,False,2026-04-13T07:41:09.564258+00:00
元大,元大-台中,9800,9812,False,2026-04-13T07:41:09.564258+00:00
元大,元大-中崙,9800,9813,False,2026-04-13T07:41:09.564258+00:00
元大,元大-大益,9800,9814,False,2026-04-13T07:41:09.564258+00:00
元大,元大-大灣,9800,9815,False,2026-04-13T07:41:09.564258+00:00
元大,元大-新竹,9800,9816,False,2026-04-13T07:41:09.564258+00:00
元大,元大-東泰,9800,9817,False,2026-04-13T07:41:09.564258+00:00
元大,元大-土城學府,9800,9822,False,2026-04-13T07:41:09.564258+00:00
元大,元大-向上,9800,9824,False,2026-04-13T07:41:09.564258+00:00
元大,元大-新營,9800,9825,False,2026-04-13T07:41:09.564258+00:00
元大,元大-永康,9800,9829,False,2026-04-13T07:41:09.564258+00:00
元大,元大-四維,9800,9831,False,2026-04-13T07:41:09.564258+00:00
元大,元大-敦化,9800,9833,False,2026-04-13T07:41:09.564258+00:00
元大,元大-中壢,9800,9834,False,2026-04-13T07:41:09.564258+00:00
元大,元大-員林中山,9800,9835,False,2026-04-13T07:41:09.564258+00:00
元大,元大-北港,9800,9837,False,2026-04-13T07:41:09.564258+00:00
元大,元大-豐原,9800,9838,False,2026-04-13T07:41:09.564258+00:00
元大,元大-大直,9800,9846,False,2026-04-13T07:41:09.564258+00:00
元大,元大-永春,9800,9852,False,2026-04-13T07:41:09.564258+00:00
元大,元大-南屯,9800,9853,False,2026-04-13T07:41:09.564258+00:00
元大,元大-文心興安,9800,9854,False,2026-04-13T07:41:09.564258+00:00
元大,元大-花蓮,9800,9856,False,2026-04-13T07:41:09.564258+00:00
元大,元大-蘆洲,9800,9857,False,2026-04-13T07:41:09.564258+00:00
元大,元大-龍潭,9800,9858,False,2026-04-13T07:41:09.564258+00:00
元大,元大-新竹經國,9800,9859,False,2026-04-13T07:41:09.564258+00:00
元大,元大-南京,9800,9862,False,2026-04-13T07:41:09.564258+00:00
元大,元大-和平,9800,9863,False,2026-04-13T07:41:09.564258+00:00
元大,元大-內湖民權,9800,9867,False,2026-04-13T07:41:09.564258+00:00
元大,元大-文心,9800,9868,False,2026-04-13T07:41:09.564258+00:00
元大,元大-新盛,9800,9869,False,2026-04-13T07:41:09.564258+00:00
元大,元大-忠孝,9800,9871,False,2026-04-13T07:41:09.564258+00:00
元大,元大-復北,9800,9872,False,2026-04-13T07:41:09.564258+00:00
元大,元大-西門(停),9800,9873,False,2026-04-13T07:41:09.564258+00:00
元大,元大-雙和,9800,9874,False,2026-04-13T07:41:09.564258+00:00
元大,元大-土城永寧,9800,9875,False,2026-04-13T07:41:09.564258+00:00
元大,元大-金華,9800,9878,False,2026-04-13T07:41:09.564258+00:00
元大,元大-板橋三民,9800,9879,False,2026-04-13T07:41:09.564258+00:00
元大,元大-斗信,9800,9884,False,2026-04-13T07:41:09.564258+00:00
元大,元大-經紀部,9800,9887,False,2026-04-13T07:41:09.564258+00:00
元大,元大-鑫永和,9800,9888,False,2026-04-13T07:41:09.564258+00:00
元大,元大-員林,9800,9889,False,2026-04-13T07:41:09.564258+00:00
元大,元大-永和,9800,9891,False,2026-04-13T07:41:09.564258+00:00
元大,元大-屏東,9800,9892,False,2026-04-13T07:41:09.564258+00:00
元大,元大-大天母,9800,9893,False,2026-04-13T07:41:09.564258+00:00
元大,元大-桃興,9800,9894,False,2026-04-13T07:41:09.564258+00:00
元大,元大-台南,9800,9896,False,2026-04-13T07:41:09.564258+00:00
元大,元大-土城,9800,9897,False,2026-04-13T07:41:09.564258+00:00
元大,元大-新莊,9800,9898,False,2026-04-13T07:41:09.564258+00:00
元大,元大-淡水,9800,9899,False,2026-04-13T07:41:09.564258+00:00
永豐金,永豐金證券,9A00,0039004100300030,False,2026-04-13T07:41:09.564258+00:00
永豐金,永豐金-鳳山,9A00,0039004100360031,False,2026-04-13T07:41:09.564258+00:00
永豐金,永豐金-屏東,9A00,0039004100360039,False,2026-04-13T07:41:09.564258+00:00
永豐金,永豐金-埔里,9A00,0039004100370039,False,2026-04-13T07:41:09.564258+00:00
永豐金,永豐金-匯立,9A00,0039004100380031,False,2026-04-13T07:41:09.564258+00:00
永豐金,永豐金-國際證券,9A00,0039004100380038,False,2026-04-13T07:41:09.564258+00:00
永豐金,永豐金-敦北,9A00,0039004100380039,False,2026-04-13T07:41:09.564258+00:00
永豐金,永豐金-敦南,9A00,0039004100380046,False,2026-04-13T07:41:09.564258+00:00
永豐金,永豐金-松山,9A00,0039004100390031,False,2026-04-13T07:41:09.564258+00:00
永豐金,永豐金-萬盛,9A00,0039004100390032,False,2026-04-13T07:41:09.564258+00:00
永豐金,永豐金-經紀部,9A00,0039004100390035,False,2026-04-13T07:41:09.564258+00:00
永豐金,永豐金-博愛(停),9A00,0039004100390036,False,2026-04-13T07:41:09.564258+00:00
永豐金,永豐金-新竹,9A00,0039004100390037,False,2026-04-13T07:41:09.564258+00:00
永豐金,永豐金-大園,9A00,0039004100390038,False,2026-04-13T07:41:09.564258+00:00
永豐金,永豐金-中壢,9A00,0039004100390039,False,2026-04-13T07:41:09.564258+00:00
永豐金,永豐金-羅東,9A00,0039004100390041,False,2026-04-13T07:41:09.564258+00:00
永豐金,永豐金-中和,9A00,0039004100390042,False,2026-04-13T07:41:09.564258+00:00
永豐金,永豐金-員林,9A00,0039004100390043,False,2026-04-13T07:41:09.564258+00:00
永豐金,永豐金-忠孝,9A00,0039004100390044,False,2026-04-13T07:41:09.564258+00:00
永豐金,永豐金-板橋(停),9A00,0039004100390045,False,2026-04-13T07:41:09.564258+00:00
永豐金,永豐金-天母,9A00,0039004100390047,False,2026-04-13T07:41:09.564258+00:00
永豐金,永豐金-新莊,9A00,0039004100390048,False,2026-04-13T07:41:09.564258+00:00
永豐金,永豐金-板新,9A00,003900410039004a,False,2026-04-13T07:41:09.564258+00:00
永豐金,永豐金-三重,9A00,003900410039004b,False,2026-04-13T07:41:09.564258+00:00
永豐金,永豐金-台中,9A00,003900410039004c,False,2026-04-13T07:41:09.564258+00:00
永豐金,永豐金-南投,9A00,003900410039004d,False,2026-04-13T07:41:09.564258+00:00
永豐金,永豐金-桃盛,9A00,003900410039004e,False,2026-04-13T07:41:09.564258+00:00
永豐金,永豐金-竹北,9A00,0039004100390050,False,2026-04-13T07:41:09.564258+00:00
永豐金,永豐金-豐原,9A00,0039004100390051,False,2026-04-13T07:41:09.564258+00:00
永豐金,永豐金-信義,9A00,0039004100390052,False,2026-04-13T07:41:09.564258+00:00
永豐金,永豐金-南京,9A00,0039004100390053,False,2026-04-13T07:41:09.564258+00:00
永豐金,永豐金-中正,9A00,0039004100390055,False,2026-04-13T07:41:09.564258+00:00
永豐金,永豐金-市政,9A00,0039004100390057,False,2026-04-13T07:41:09.564258+00:00
永豐金,永豐金-竹科,9A00,0039004100390058,False,2026-04-13T07:41:09.564258+00:00
永豐金,永豐金-板盛,9A00,0039004100390059,False,2026-04-13T07:41:09.564258+00:00
永豐金,永豐金-復興,9A00,003900410039005a,False,2026-04-13T07:41:09.564258+00:00
永豐金,永豐金-苓雅,9A00,0039004100390061,False,2026-04-13T07:41:09.564258+00:00
永豐金,永豐金-虎尾,9A00,0039004100390062,False,2026-04-13T07:41:09.564258+00:00
永豐金,永豐金-永康,9A00,0039004100390063,False,2026-04-13T07:41:09.564258+00:00
永豐金,永豐金-古亭,9A00,0039004100390064,False,2026-04-13T07:41:09.564258+00:00
永豐金,永豐金-高雄,9A00,0039004100390065,False,2026-04-13T07:41:09.564258+00:00
永豐金,永豐金-中盛(停),9A00,0039004100390066,False,2026-04-13T07:41:09.564258+00:00
永豐金,永豐金-內湖,9A00,0039004100390067,False,2026-04-13T07:41:09.564258+00:00
永豐金,永豐金-台南,9A00,0039004100390068,False,2026-04-13T07:41:09.564258+00:00
永豐金,永豐金-新店,9A00,0039004100390069,False,2026-04-13T07:41:09.564258+00:00
永豐金,永豐金-嘉義,9A00,003900410039006a,False,2026-04-13T07:41:09.564258+00:00
永豐金,永豐金-潮州,9A00,0039004100390071,False,2026-04-13T07:41:09.564258+00:00
永豐金,永豐金-北高雄,9A00,0039004100390072,False,2026-04-13T07:41:09.564258+00:00
永豐金,永豐金-彰化,9A00,0039004100390073,False,2026-04-13T07:41:09.564258+00:00
永豐金,永豐金-桃園,9A00,0039004100390078,False,2026-04-13T07:41:09.564258+00:00
永豐金,永豐金,9A00,9A00,True,2026-04-13T07:41:09.564258+00:00
台新,台新-新營,9B00,0039004200310031,False,2026-04-13T07:41:09.564258+00:00
台新,台新-國際證券,9B00,0039004200310032,False,2026-04-13T07:41:09.564258+00:00
台新,台新-三民,9B00,0039004200310033,False,2026-04-13T07:41:09.564258+00:00
台新,台新-松江,9B00,0039004200310035,False,2026-04-13T07:41:09.564258+00:00
台新,台新-台南,9B00,0039004200310036,False,2026-04-13T07:41:09.564258+00:00
台新,台新-營業部,9B00,0039004200310037,False,2026-04-13T07:41:09.564258+00:00
台新,台新-建北,9B00,0039004200310038,False,2026-04-13T07:41:09.564258+00:00
台新,台新-新莊,9B00,0039004200310039,False,2026-04-13T07:41:09.564258+00:00
台新,台新-左楠,9B00,0039004200310064,False,2026-04-13T07:41:09.564258+00:00
台新,台新-高雄,9B00,0039004200310067,False,2026-04-13T07:41:09.564258+00:00
台新,台新-台中,9B00,0039004200310068,False,2026-04-13T07:41:09.564258+00:00
台新,台新-屏東,9B00,003900420031006e,False,2026-04-13T07:41:09.564258+00:00
台新,台新-中壢,9B00,0039004200310079,False,2026-04-13T07:41:09.564258+00:00
台新,台新-台北,9B00,0039004200320030,False,2026-04-13T07:41:09.564258+00:00
台新,台新-九如,9B00,0039004200320031,False,2026-04-13T07:41:09.564258+00:00
台新,台新-新店,9B00,0039004200320032,False,2026-04-13T07:41:09.564258+00:00
台新,台新-三重,9B00,0039004200320033,False,2026-04-13T07:41:09.564258+00:00
台新,台新-五權西,9B00,0039004200320035,False,2026-04-13T07:41:09.564258+00:00
台新,台新-林園,9B00,0039004200320037,False,2026-04-13T07:41:09.564258+00:00
台新,台新-北新莊,9B00,0039004200320038,False,2026-04-13T07:41:09.564258+00:00
台新,台新-府城,9B00,0039004200320039,False,2026-04-13T07:41:09.564258+00:00
台新,台新-緯城,9B00,0039004200320041,False,2026-04-13T07:41:09.564258+00:00
台新,台新-永和,9B00,0039004200320042,False,2026-04-13T07:41:09.564258+00:00
台新,台新-潮州,9B00,0039004200320043,False,2026-04-13T07:41:09.564258+00:00
台新,台新-大昌,9B00,0039004200320044,False,2026-04-13T07:41:09.564258+00:00
台新,台新-城中,9B00,0039004200320045,False,2026-04-13T07:41:09.564258+00:00
台新,台新-新竹,9B00,0039004200320047,False,2026-04-13T07:41:09.564258+00:00
台新,台新-信義,9B00,0039004200320048,False,2026-04-13T07:41:09.564258+00:00
台新,台新-嘉義,9B00,0039004200320049,False,2026-04-13T07:41:09.564258+00:00
台新,台新-北中壢,9B00,003900420032004c,False,2026-04-13T07:41:09.564258+00:00
台新,台新-彰化,9B00,003900420032004d,False,2026-04-13T07:41:09.564258+00:00
台新,台新-虎尾,9B00,003900420032004e,False,2026-04-13T07:41:09.564258+00:00
台新,台新-同大,9B00,0039004200320050,False,2026-04-13T07:41:09.564258+00:00
台新,台新-敦南,9B00,0039004200320051,False,2026-04-13T07:41:09.564258+00:00
台新,台新-基隆,9B00,0039004200320053,False,2026-04-13T07:41:09.564258+00:00
台新,台新-宜蘭,9B00,0039004200320055,False,2026-04-13T07:41:09.564258+00:00
台新,台新-吉利,9B00,0039004200320057,False,2026-04-13T07:41:09.564258+00:00
台新,台新-草屯,9B00,0039004200320058,False,2026-04-13T07:41:09.564258+00:00
台新,台新-埔里,9B00,0039004200320059,False,2026-04-13T07:41:09.564258+00:00
台新,台新-安南,9B00,003900420032005a,False,2026-04-13T07:41:09.564258+00:00
台新,台新-松德,9B00,0039004200320061,False,2026-04-13T07:41:09.564258+00:00
台新,台新-板橋,9B00,0039004200320062,False,2026-04-13T07:41:09.564258+00:00
台新,台新-烏日,9B00,0039004200320063,False,2026-04-13T07:41:09.564258+00:00
台新,台新-中原,9B00,0039004200320067,False,2026-04-13T07:41:09.564258+00:00
台新,台新-中港,9B00,0039004200320069,False,2026-04-13T07:41:09.564258+00:00
台新,台新-大裕,9B00,003900420032006c,False,2026-04-13T07:41:09.564258+00:00
台新,台新-成功,9B00,003900420032006d,False,2026-04-13T07:41:09.564258+00:00
台新,台新-西松,9B00,003900420032006e,False,2026-04-13T07:41:09.564258+00:00
台新,台新-新興,9B00,003900420032006f,False,2026-04-13T07:41:09.564258+00:00
台新,台新-屏新,9B00,0039004200320071,False,2026-04-13T07:41:09.564258+00:00
台新,台新-城東,9B00,0039004200320072,False,2026-04-13T07:41:09.564258+00:00
台新,台新-世貿,9B00,0039004200320075,False,2026-04-13T07:41:09.564258+00:00
台新,台新-桃園,9B00,0039004200320076,False,2026-04-13T07:41:09.564258+00:00
台新,台新-佳里,9B00,0039004200320077,False,2026-04-13T07:41:09.564258+00:00
台新,台新-花蓮,9B00,0039004200320079,False,2026-04-13T07:41:09.564258+00:00
台新,台新-文心,9B00,003900420032007a,False,2026-04-13T07:41:09.564258+00:00
台新,台新,9B00,9B00,True,2026-04-13T07:41:09.564258+00:00
